Tag,Epochs,Batch_Size,Learning_Rate,L2_Regularization,Test_Accuracy,Test_Loss
gentle_80e_5e4lr_L2001,80,16,0.0005,0.001,1.0,0.06100760027766228
slowLR_120e_2e4lr_L2001,120,16,0.0002,0.001,0.9736841917037964,0.22709688544273376
highReg_80e_5e4lr_L201,80,16,0.0005,0.01,1.0,0.17693853378295898
